"Case Number","Name","Status","Error Reason","Next Debit Date (dd/mm/yyyy)"
"1801161507181858","NONKANYISO HADEBE","Error","The old account number provided does not match with what OLD MUTUAL has on their system please contact ((0860506070) for any further clarity","26/01/2018"
"1801151451453982","CYNTHIA GUMEDE","Complete","None","26/01/2018"
"1801151450576985","CYNTHIA GUMEDE","Complete","None","26/01/2018"
"1801151435167159","SUZETTE BOTES","Complete","None","01/02/2018"
"1801150820441792","LEBEKO MAFOKATE","Complete","None","01/02/2018"
"1801150817748772","LEBEKO MAFOKATE","Complete","None","31/01/2018"
"1801171347234623","PATRICIA MLUMBI","Error","Invalid reference number provided please contact ( (0860506070) using the correct reference number","26/01/2018"
"1801181308311118","BELINDA NTSHONGWANA","Complete","None","20/02/2018"
"1801181307961545","BELINDA NTSHONGWANA","Complete","None","20/02/2018"
"1801171006169347","THULANI MATHEBULA","Complete","None","23/02/2018"
"1801160730648116","SIBONAKALISO NGUBANE","Complete","None","31/01/2018"
"1801181019274712","MONALISA NOTYENA","Complete","None","21/02/2018"
"1801171012843625","THULANI MATHEBULA","Complete","None","25/02/2018"
"1801171013627754","THULANI MATHEBULA","Complete","None","25/02/2018"
"1801171021485862","MOFITI RAMOHLALE","Complete","None","23/02/2018"
"1801171007179846","THULANI MATHEBULA","Complete","None","25/02/2018"
"1801171037264699","KHOLOFELO MADIGA-TSEBE","Complete","None","01/02/2018"
"1801170948545871","ZANDILE NGXUMZA","Complete","None","27/02/2018"
"1801171039688755","KHOLOFELO MADIGA-TSEBE","Complete","None","01/02/2018"
"1801170947921437","ZANDILE NGXUMZA","Complete","None","27/02/2018"
"1801181111835223","MXOLIC ZIKALALA","Complete","None","31/01/2018"
"1801041522189951","NKOSINGIPHILE MCHUNU","Error","Debit order cancelled please contuct (0860506070) for any further clarity","26/01/2018"
"1801181406152967","BONGANU DLADLA","Complete","None","15/02/2018"
"1801151531964221","BRETT TURNER","Complete","None","01/02/2018"
"1801181409258447","LEKHETHILE KEKANA","Complete","None","26/02/2018"
"1801151532319976","BRETT TURNER","Complete","None","01/02/2018"
"1801161502572597","NONKANYISO HADEBE","Complete","None","31/01/2018"
"1801170939182156","NOMAMA HLANGEBI","Complete","None","20/02/2018"
"1801161501538889","NONKANYISO HADEBE","Complete","None","31/01/2018"
"1801170915587997","BONGA NTSHANGASE","Complete","None","23/02/2018"
"1801161457134265","NONKANYISO HADEBE","Complete","None","25/02/2018"
"1801191546194636","ANJANA KANJEE","Error","The old account number provided does not match with what OLD MUTUAL has on their system please contact ((0860506070) for any further clarity","26/01/2018"
"1801091527392353","XOLANI VUMISA","Complete","None","15/02/2018"
"1712151459528841","SIVUYILE NDLAMBE","Complete","None","15/02/2018"
"1712291416635164","BLOSSOM MZOZOYANA","Complete","None","15/02/2018"
"1801171008616249","THULANI MATHEBULA","Complete","None","25/02/2018"
"1801181113876325","MXOLIC ZIKALALA","Complete","None","31/01/2018"
"1801171009185111","THULANI MATHEBULA","Complete","None","25/02/2018"
"1801181112939538","MXOLIC ZIKALALA","Complete","None","23/02/2018"
"1801171010816938","THULANI MATHEBULA","Complete","None","25/02/2018"
"1801191546194636","ANJANA KANJEE","Error","The old account number provided does not match with what OLD MUTUAL has on their system please contact ((0860506070) for any further clarity","26/01/2018"
"1801171011716923","THULANI MATHEBULA","Complete","None","25/02/2018"
"1801190858432879","VUYELWA MZIZI-MLUMISO","Complete","None","31/01/2018"
"1801150818765282","LEBEKO MAFOKATE","Complete","None","31/01/2018"
"1801151416284173","PETRUSINA LE ROUXSIS","Complete","None","19/02/2018"
"1801191535883955","TLHABANE KAU","Complete","None","01/02/2018"
"1801191542964111","ANJANA KANJEE","Complete","None","01/02/2018"
"1801191543893959","SUNITA GILBERT","Complete","None","01/02/2018"
"1801191543672919","ANJANA KANJEE","Complete","None","01/02/2018"
"1801191358532326","MAURICE MAHLABA","Complete","None","20/02/2018"
"1801191530524473","SOLLY ZULU","Complete","None","26/02/2018"
"1801191537655467","PATRICIA MNGUNI","Complete","None","15/02/2018"
"1801191538833291","TLHABANE KAU","Complete","None","15/02/2018"
"1801171035932316","VELEPHI MASEKO","Complete","None","02/02/2018"
"1801171017689859","NONCEBA RAMPESI","Complete","None","25/02/2018"
"1801171016351235","NONCEBA RAMPESI","Complete","None","25/02/2018"
"1801170737789999","MOCHEKU MALAPO","Complete","None","15/02/2018"
"1801151528364478","MZUBANZI MSIPA","Complete","None","30/01/2018"
"1801150816858372","LEBEKO MAFOKATE","Complete","None","31/01/2018"
"1801150825953698","LEBEKO MAFOKATE","Error","Invalid reference number provided please contact ( (0860506070) using the correct reference number","26/01/2018"
"1801150824699381","LEBEKO MAFOKATE","Error","Invalid reference number provided please contact ( (0860506070) using the correct reference number","26/01/2018"
"1801161506739774","*OM AGRI CC","Error","Invalid reference number provided please contact ( (0860506070) using the correct reference number","26/01/2018"
"1801191546194636","ANJANA KANJEE","Error","The old account number provided does not match with what OLD MUTUAL has on their system please contact ((0860506070) for any further clarity","26/01/2018"
"1801171347234623","PATRICIA MLUMBI","Error","Invalid reference number provided please contact ( (0860506070) using the correct reference number","26/01/2018"
"1801161507181858","NONKANYISO HADEBE","Error","The old account number provided does not match with what OLD MUTUAL has on their system please contact ((0860506070) for any further clarity","26/01/2018"
"1801041522189951","NKOSINGIPHILE MCHUNU","Error","Debit order cancelled please contuct (0860506070) for any further clarity","26/01/2018"
"1801171052121284","SYLVIA MANGOENE-RANTOA","Error","Debit order cancelled please contuct (0860506070) for any further clarity","26/01/2018"
"1801150818765282","LEBEKO MAFOKATE","Complete","None","31/01/2018"
"1801160730648116","SIBONAKALISO NGUBANE","Complete","None","31/01/2018"
"1801160729571467","SIBONAKALISO NGUBANE","Complete","None","31/01/2018"
"1801181111835223","MXOLIC ZIKALALA","Complete","None","31/01/2018"
"1801111431849684","MAKUNGWANE MOSEBO","Complete","None","15/02/2018"
"1801111430699732","MAKUNGWANE MOSEBO","Complete","None","15/02/2018"
